Workers,Functions,Throughput
1.0,1.0,0.27301517415628057
1.0,2.0,0.32125087156152254
1.0,3.0,0.5833750116578457
1.0,4.0,0.7766563502983999
2.0,1.0,0.2731749371342634
2.0,2.0,0.5398342687337037
2.0,3.0,0.5987018674804235
2.0,4.0,0.8566603429740567
3.0,1.0,0.27098641895642744
3.0,2.0,0.5387758856048721
3.0,3.0,0.7997786562289833
3.0,4.0,0.883531638351379
4.0,1.0,0.26923538404959774
4.0,2.0,0.5333088322345624
4.0,3.0,0.7992711114810537
4.0,4.0,1.0675637149227082
